ym,our_total,floor_total,rpt_total,pct_vs_floor,pct_vs_report
2013-06,577702,577702,,0.0,
2013-07,843417,843417,,0.0,
2013-08,1001958,1001958,,0.0,
2013-09,1034359,1034359,,0.0,
2013-10,1037712,1037712,,0.0,
2013-11,675774,675774,,0.0,
2013-12,443966,443966,,0.0,
2014-01,300400,300400,,0.0,
2014-02,224736,224736,,0.0,
2014-03,439117,439117,,0.0,
2014-04,670780,670780,,0.0,
2014-05,866117,866117,,0.0,
2014-06,936880,936880,,0.0,
2014-07,968842,968842,,0.0,
2014-08,963489,963489,,0.0,
2014-09,953887,953887,,0.0,
2014-10,828711,828711,,0.0,
2014-11,529188,529188,,0.0,
2014-12,399069,399069,,0.0,
2015-01,285552,285552,,0.0,
2015-02,196930,196930,,0.0,
2015-03,341826,341826,,0.0,
2015-04,652390,652390,,0.0,
2015-05,961986,961986,,0.0,
2015-06,941219,941219,,0.0,
2015-07,1085676,1085676,,0.0,
2015-08,1179044,1179044,,0.0,
2015-09,1289699,1289699,,0.0,
2015-10,1212277,1212277,,0.0,
2015-11,987245,987245,,0.0,
2015-12,804125,804125,,0.0,
2016-01,509478,509478,,0.0,
2016-02,560874,560874,,0.0,
2016-03,919921,919921,,0.0,
2016-04,1013149,1013149,,0.0,
2016-05,1212280,1212280,,0.0,
2016-06,1460318,1460318,,0.0,
2016-07,1380110,1380110,,0.0,
2016-08,1557663,1557663,,0.0,
2016-09,1648856,1648856,,0.0,
2016-10,1573872,1573872,,0.0,
2016-11,1196942,1196942,,0.0,
2016-12,812192,812192,,0.0,
2017-01,726676,726676,,0.0,
2017-02,791647,791647,,0.0,
2017-03,727665,727665,,0.0,
2017-04,1315404,1315404,,0.0,
2017-05,1523268,1523268,,0.0,
2017-06,1731594,1731594,,0.0,
2017-07,1735599,1735599,1735637,0.0,-0.0
2017-08,1816498,1816498,,0.0,
2017-09,1878098,1878098,,0.0,
2017-10,1897592,1897592,,0.0,
2017-11,1330649,1330649,,0.0,
2017-12,889967,889967,,0.0,
2018-01,718994,718994,,0.0,
2018-02,843114,843114,,0.0,
2018-03,976672,976672,,0.0,
2018-04,1307543,2615086,,-50.0,
2018-05,1824710,1824710,,0.0,
2018-06,1953103,1953103,,0.0,
2018-07,1913625,1913625,,0.0,
2018-08,1977177,1977177,,0.0,
2018-09,1877884,1877884,,0.0,
2018-10,1878657,1878657,,0.0,
2018-11,1260355,1260355,,0.0,
2018-12,1016505,1016505,,0.0,
2019-01,967288,967287,,0.0,
2019-02,943745,943744,,0.0,
2019-03,1327961,1327960,,0.0,
2019-04,1766106,1766094,,0.0,
2019-05,1924578,1924563,,0.0,
2019-06,2125386,2125370,,0.0,
2019-07,2181094,2181064,,0.0,
2019-08,2344263,2344224,,0.0,
2019-09,2445056,2444900,,0.01,
2019-10,2092619,2092573,,0.0,
2019-11,1478735,1478708,,0.0,
2019-12,955397,955210,,0.02,
2020-01,1243390,1240596,1266838,0.23,-1.85
2020-02,1149566,1146830,,0.24,
2020-03,1071437,1068457,,0.28,
2020-04,684573,682762,,0.27,
2020-05,1492335,1487890,,0.3,
2020-06,1888562,1882273,,0.33,
2020-07,2112486,2105808,,0.32,
2020-08,2335759,2329514,,0.27,
2020-09,2495417,2488225,,0.29,
2020-10,2255199,2248869,,0.28,
2020-11,1741818,1736704,,0.29,
2020-12,1092250,1088929,,0.3,
2021-01,1097975,1095346,,0.24,
2021-02,636759,636758,,0.0,
2021-03,1500035,1500032,,0.0,
2021-04,2026253,2026252,,0.0,
2021-05,2670196,2670196,,0.0,
2021-06,3113405,3113404,,0.0,
2021-07,3021854,3021850,,0.0,
2021-08,3012549,3012548,,0.0,
2021-09,3219818,3219815,,0.0,
2021-10,3010904,3010903,,0.0,
2021-11,2113148,2113137,,0.0,
2021-12,1706857,1706244,,0.04,
2022-01,1024055,1052418,,-2.7,
2022-02,1197359,1233714,,-2.95,
2022-03,1846035,1893444,,-2.5,
2022-04,2261339,2319613,,-2.51,
2022-05,2865301,2940600,,-2.56,
2022-06,3344145,3432883,,-2.58,
2022-07,3397722,3497390,,-2.85,
2022-08,3576182,3681309,,-2.86,
2022-09,3411909,3507123,,-2.71,
2022-10,2935959,3021670,,-2.84,
2022-11,2386350,2460105,,-3.0,
2022-12,1592086,1649652,,-3.49,
2023-01,1795329,1855201,,-3.23,
2023-02,1696101,1752148,,-3.2,
2023-03,2119314,2194214,,-3.41,
2023-04,2749360,2854350,,-3.68,
2023-05,3453576,3580766,,-3.55,
2023-06,3451869,3560259,,-3.04,
2023-07,3659372,3776256,,-3.1,
2023-08,3964206,4093169,,-3.15,
2023-09,3471658,3575162,,-2.9,
2023-10,3724615,3823673,,-2.59,
2023-11,2816850,2887737,,-2.45,
2023-12,2204870,2274075,,-3.04,
2024-01,1887908,1887908,,0.0,
2024-02,2121506,2121506,,0.0,
2024-03,2663416,2663416,,0.0,
2024-04,3216957,3216704,,0.01,
2024-05,4135049,4231701,,-2.28,
2024-06,4782935,4782935,4769243,0.0,0.29
2024-07,4722952,4722952,,0.0,
2024-08,4603942,4603942,,0.0,
2024-09,4997288,4997288,,0.0,
2024-10,5150717,5150717,5133908,0.0,0.33
2024-11,3709229,3709229,,0.0,
2024-12,2311107,2311107,,0.0,
2025-01,2124541,2124541,,0.0,
2025-02,2031394,2031394,,0.0,
2025-03,3167962,3167962,3241253,0.0,-2.26
2025-04,3725037,3725037,,0.0,
2025-05,4325897,4325897,,0.0,
2025-06,4759239,4759239,,0.0,
2025-07,4987563,4987563,,0.0,
2025-08,5122174,5122174,,0.0,
2025-09,5287155,5287155,,0.0,
2025-10,4732358,4732358,,0.0,
2025-11,3416092,3416092,,0.0,
2025-12,2091749,2091749,2140234,0.0,-2.27
2026-01,1816296,1816296,,0.0,
2026-02,1219706,1219706,,0.0,
2026-03,2945320,2945320,,0.0,
2026-04,3860883,3860883,,0.0,
2026-05,4695001,4694366,,0.01,
2026-06,5383833,,,,
